Aziza, AIT LAHCEN,aziza@example.com,aaa
Sabri, AMMARI,sabri@example.com,aaa
Anastasia, BONNAFOUS,anastasia@example.com,aaa
Maxime, CALLAC,maxime@example.com,aaa
Thomas, CHAU, Thomas@example.com,aaa
Frédéric,FRIBEL,frederic.fribel@gmail.com,aaa
